,PROT_5%,PROT_10%,PROT_25%,PROT_50%,PROT_75%
RNA_5%,0.959731543624161,0.9563758389261745,0.9832214765100671,0.9832214765100671,0.9765100671140939
RNA_10%,0.9630872483221476,0.9362416107382551,0.9832214765100671,0.9798657718120806,0.9865771812080537
RNA_25%,0.9630872483221476,0.9328859060402684,0.9832214765100671,0.959731543624161,0.9630872483221476
RNA_50%,0.9161073825503355,0.9429530201342282,0.9731543624161074,0.9664429530201343,0.9697986577181208
RNA_75%,0.912751677852349,0.912751677852349,0.9798657718120806,0.9664429530201343,0.9664429530201343
